name,price
Gertrude Hale,111
Kaitlan Smart,67
Adelle Oconnell,92
Shay Oneal,139
Finley Oneill,55
Harri Williamson,65
Eira Hackett,44
Bentley Larsen,49
Justine Kouma,44
Aaron Calderon,97
Kye Werner,54
Riaan Hood,59
Margie Thatcher,173
Susanna O'Ryan,4
Lilith Petersen,148
Carina Ayers,176
Gracie Frye,30
Alayna Weeks,29
,58
Paige Bowes,142
Sufyan Field,121
Kirstie Wharton,77
Diane Greig,182
Sophia Dunlap,161
Shiloh Forster,180
Sidrah Roberts,131
Safiyah Burch,109
Jannat Hewitt,80
Blaine Nairn,73
Amir Pemberton,131
Solomon Mcgregor,4
Celia Hodges,102
Scarlette Foley,116
Raihan Woodley,177
Fergus Squires,180
Johnnie Gill,18
Zaid Lowery,136
Nabiha Rudd,41
Angelina Clemons,182
Ava-Mae Davison,161
Cleveland Brooks,930
Tymoteusz Decker,44
Izabel Cowan,59
Alima Freeman,57
Anya Lancaster,181
Elena Beil,174
,94
Aleksandra Crosby,14
Jolie Hickman,175
Bear Case,57
Isabella Vickers,45
Kaydon Stephens,22
Annabella Le,62
Kane Hudson,166
Arman Gibbs,45
Grant Mcdonnell,0
Ruby-May Hooper,30
Samuel Findlay,23
Maxime Dunn,31
Shannen Monroe,49
